INSERT INTO appointments (id, request_date, priority, observation, creation_user, id_medical_procedure, id_patient, canceled, update_date, update_user) VALUES(2, '2024-06-21 17:16:04.526000000', 3, NULL, 'rene.morais', 19, 1, 0, NULL, NULL);
INSERT INTO appointments (id, request_date, priority, observation, creation_user, id_medical_procedure, id_patient, canceled, update_date, update_user) VALUES(3, '2024-05-21 14:16:04', 3, NULL, 'rene.morais', 19, 2, 0, NULL, NULL);
INSERT INTO appointments (id, request_date, priority, observation, creation_user, id_medical_procedure, id_patient, canceled, update_date, update_user) VALUES(4, '2024-04-21 14:16:04', 4, NULL, 'rene.morais', 19, 3, 0, NULL, NULL);
INSERT INTO appointments (id, request_date, priority, observation, creation_user, id_medical_procedure, id_patient, canceled, update_date, update_user) VALUES(5, '2024-03-21 14:16:04', 1, NULL, 'rene.morais', 19, 4, 1, '2024-09-16 18:33:44.757327000', 'usuário');
INSERT INTO appointments (id, request_date, priority, observation, creation_user, id_medical_procedure, id_patient, canceled, update_date, update_user) VALUES(6, '2024-09-14 11:50:19.280017000', 1, 'Caso de urgência!', 'usuário', 19, 5, 1, '2024-09-16 18:33:12.703581000', 'usuário');
INSERT INTO appointments (id, request_date, priority, observation, creation_user, id_medical_procedure, id_patient, canceled, update_date, update_user) VALUES(7, '2024-09-14 12:00:54.817126000', 6, 'teste alert', 'usuário', 9, 6, 0, NULL, NULL);
INSERT INTO appointments (id, request_date, priority, observation, creation_user, id_medical_procedure, id_patient, canceled, update_date, update_user) VALUES(8, '2024-09-14 12:14:09.408415000', 1, 'teste alert 2', 'usuário', 9, 7, 0, NULL, NULL);
INSERT INTO appointments (id, request_date, priority, observation, creation_user, id_medical_procedure, id_patient, canceled, update_date, update_user) VALUES(9, '2024-09-14 12:16:11.938875000', 6, 'test', 'usuário', 9, 10, 0, NULL, NULL);
INSERT INTO appointments (id, request_date, priority, observation, creation_user, id_medical_procedure, id_patient, canceled, update_date, update_user) VALUES(10, '2024-09-14 12:26:35.412614000', 6, 'test', 'usuário', 9, 11, 0, NULL, NULL);
INSERT INTO appointments (id, request_date, priority, observation, creation_user, id_medical_procedure, id_patient, canceled, update_date, update_user) VALUES(11, '2024-09-14 12:40:19.243693000', 6, 'ttt', 'usuário', 9, 10, 0, NULL, NULL);
INSERT INTO appointments (id, request_date, priority, observation, creation_user, id_medical_procedure, id_patient, canceled, update_date, update_user) VALUES(12, '2024-09-14 12:41:52.030867000', 6, 'asdad', 'usuário', 9, 11, 0, NULL, NULL);
INSERT INTO appointments (id, request_date, priority, observation, creation_user, id_medical_procedure, id_patient, canceled, update_date, update_user) VALUES(13, '2024-09-14 12:44:58.577486000', 1, 'asdsad', 'usuário', 9, 12, 0, NULL, NULL);
INSERT INTO appointments (id, request_date, priority, observation, creation_user, id_medical_procedure, id_patient, canceled, update_date, update_user) VALUES(14, '2024-09-14 12:45:46.793725000', 7, 'asdad', 'usuário', 9, 13, 0, NULL, NULL);
INSERT INTO appointments (id, request_date, priority, observation, creation_user, id_medical_procedure, id_patient, canceled, update_date, update_user) VALUES(15, '2024-09-14 12:58:58.801362000', 1, 'asdasd', 'usuário', 19, 14, 0, NULL, NULL);
INSERT INTO appointments (id, request_date, priority, observation, creation_user, id_medical_procedure, id_patient, canceled, update_date, update_user) VALUES(16, '2024-09-14 13:20:55.144618000', 1, 'adad', 'usuário', 19, 14, 0, NULL, NULL);
INSERT INTO appointments (id, request_date, priority, observation, creation_user, id_medical_procedure, id_patient, canceled, update_date, update_user) VALUES(17, '2024-09-14 13:27:10.774826000', 6, 'asdd', 'usuário', 10, 16, 0, NULL, NULL);
INSERT INTO appointments (id, request_date, priority, observation, creation_user, id_medical_procedure, id_patient, canceled, update_date, update_user) VALUES(18, '2024-09-14 13:28:32.715445000', 6, 'asdad', 'usuário', 10, 17, 0, NULL, NULL);
INSERT INTO appointments (id, request_date, priority, observation, creation_user, id_medical_procedure, id_patient, canceled, update_date, update_user) VALUES(19, '2024-09-14 13:55:18.429987000', 6, 'adssad', 'usuário', 10, 18, 0, NULL, NULL);
INSERT INTO appointments (id, request_date, priority, observation, creation_user, id_medical_procedure, id_patient, canceled, update_date, update_user) VALUES(20, '2024-09-14 13:56:34.018724000', 6, 'asdasd', 'usuário', 10, 19, 0, NULL, NULL);
INSERT INTO appointments (id, request_date, priority, observation, creation_user, id_medical_procedure, id_patient, canceled, update_date, update_user) VALUES(21, '2024-09-14 13:58:17.711348000', 1, '', 'usuário', 10, 20, 1, '2024-09-16 18:33:51.003458000', 'usuário');
INSERT INTO appointments (id, request_date, priority, observation, creation_user, id_medical_procedure, id_patient, canceled, update_date, update_user) VALUES(22, '2024-09-14 14:00:33.779170000', 7, 'asdsad', 'usuário', 10, 21, 1, '2024-09-16 18:34:12.750900000', 'usuário');
INSERT INTO appointments (id, request_date, priority, observation, creation_user, id_medical_procedure, id_patient, canceled, update_date, update_user) VALUES(23, '2024-09-14 14:03:05.020998000', 7, 'asdad', 'usuário', 10, 37, 0, NULL, NULL);
INSERT INTO appointments (id, request_date, priority, observation, creation_user, id_medical_procedure, id_patient, canceled, update_date, update_user) VALUES(24, '2024-09-14 14:06:02.659337000', 7, 'asdasdadasd', 'usuário', 10, 38, 0, NULL, NULL);
INSERT INTO appointments (id, request_date, priority, observation, creation_user, id_medical_procedure, id_patient, canceled, update_date, update_user) VALUES(25, '2024-09-14 14:09:15.425874000', 6, 'asdadsasd', 'usuário', 11, 27, 0, NULL, NULL);
INSERT INTO appointments (id, request_date, priority, observation, creation_user, id_medical_procedure, id_patient, canceled, update_date, update_user) VALUES(26, '2024-09-14 14:13:55.502708000', 6, 'asdad', 'usuário', 11, 27, 0, NULL, NULL);
INSERT INTO appointments (id, request_date, priority, observation, creation_user, id_medical_procedure, id_patient, canceled, update_date, update_user) VALUES(27, '2024-09-14 14:16:31.590172000', 6, 'asdasd', 'usuário', 11, 36, 0, NULL, NULL);
INSERT INTO appointments (id, request_date, priority, observation, creation_user, id_medical_procedure, id_patient, canceled, update_date, update_user) VALUES(28, '2024-09-14 14:17:43.074325000', 1, 'asdad', 'usuário', 11, 27, 0, NULL, NULL);
INSERT INTO appointments (id, request_date, priority, observation, creation_user, id_medical_procedure, id_patient, canceled, update_date, update_user) VALUES(29, '2024-09-14 14:20:38.813498000', 6, 'asdad', 'usuário', 11, 28, 0, NULL, NULL);
INSERT INTO appointments (id, request_date, priority, observation, creation_user, id_medical_procedure, id_patient, canceled, update_date, update_user) VALUES(30, '2024-09-14 14:25:02.385479000', 7, 'asdasddds', 'usuário', 11, 29, 0, NULL, NULL);
INSERT INTO appointments (id, request_date, priority, observation, creation_user, id_medical_procedure, id_patient, canceled, update_date, update_user) VALUES(31, '2024-09-14 14:27:56.413063000', 6, 'asdad', 'usuário', 19, 30, 0, NULL, NULL);
INSERT INTO appointments (id, request_date, priority, observation, creation_user, id_medical_procedure, id_patient, canceled, update_date, update_user) VALUES(32, '2024-09-14 14:30:04.369463000', 1, 'asdadd', 'usuário', 19, 31, 1, '2024-09-20 14:45:42.955935000', 'usuário');
INSERT INTO appointments (id, request_date, priority, observation, creation_user, id_medical_procedure, id_patient, canceled, update_date, update_user) VALUES(33, '2024-09-14 14:36:53.738034000', 6, 'asdad', 'usuário', 19, 32, 1, '2024-09-20 12:39:12.013402000', 'usuário');
INSERT INTO appointments (id, request_date, priority, observation, creation_user, id_medical_procedure, id_patient, canceled, update_date, update_user) VALUES(34, '2024-09-14 14:43:56.360181000', 1, 'asdad', 'usuário', 19, 34, 1, '2024-09-20 12:38:56.780150000', 'usuário');
INSERT INTO appointments (id, request_date, priority, observation, creation_user, id_medical_procedure, id_patient, canceled, update_date, update_user) VALUES(35, '2024-10-09 15:44:20.735532000', 6, 'asdasd', 'usuário', 19, 34, 0, NULL, NULL);
INSERT INTO appointments (id, request_date, priority, observation, creation_user, id_medical_procedure, id_patient, canceled, update_date, update_user) VALUES(36, '2024-10-10 22:07:44.241148000', 6, 'sdfadfsdfsdf', 'usuário', 19, 35, 0, NULL, NULL);

INSERT INTO contemplations (id, contemplation_date, contemplated_by, confirmed, id_appointment, id_available_medical_slot, canceled, observation, creation_date, creation_user, update_date, update_user) VALUES(4, '2024-10-07 20:37:23.430000000', 1, 0, 2, 7, 1, 'Cancelado por: user - Motivo: O paciente não compareceu à consulta.', '2024-10-07 20:38:43.359000000', 'ROTINA', '2024-10-22 20:31:02.037545000', 'usuário');
INSERT INTO contemplations (id, contemplation_date, contemplated_by, confirmed, id_appointment, id_available_medical_slot, canceled, observation, creation_date, creation_user, update_date, update_user) VALUES(5, '2024-10-07 20:39:39.527000000', 2, 1, 3, 7, 1, 'Cancelado por usuário em 22/10/2024 21:20:01 -- Motivo: cancelamento teste', '2024-10-07 20:40:32.747000000', 'ROTINA', '2024-10-22 21:20:01.782107000', 'usuário');
INSERT INTO contemplations (id, contemplation_date, contemplated_by, confirmed, id_appointment, id_available_medical_slot, canceled, observation, creation_date, creation_user, update_date, update_user) VALUES(6, '2024-10-07 20:39:42.216000000', 3, 1, 4, 7, 0, NULL, '2024-10-07 17:40:32', 'ROTINA', NULL, NULL);
INSERT INTO contemplations (id, contemplation_date, contemplated_by, confirmed, id_appointment, id_available_medical_slot, canceled, observation, creation_date, creation_user, update_date, update_user) VALUES(7, '2024-10-07 20:39:45.416000000', 3, 1, 5, 7, 0, NULL, '2024-10-07 17:40:32', 'ROTINA', NULL, NULL);
INSERT INTO contemplations (id, contemplation_date, contemplated_by, confirmed, id_appointment, id_available_medical_slot, canceled, observation, creation_date, creation_user, update_date, update_user) VALUES(8, '2024-10-07 20:39:48.149000000', 2, 1, 6, 7, 1, 'Cancelado por: usuário -- Motivo: Não compareceu mesmo após a confirmação', '2024-10-07 17:40:32', 'ROTINA', '2024-10-22 20:53:57.091834000', 'usuário');
INSERT INTO contemplations (id, contemplation_date, contemplated_by, confirmed, id_appointment, id_available_medical_slot, canceled, observation, creation_date, creation_user, update_date, update_user) VALUES(9, '2024-10-07 20:39:51.027000000', 2, 1, 15, 7, 1, 'Confirmado por: usuário em 22/10/2024 21:14:12 -- Cancelado por: usuário -- Motivo: cancelamento teste', '2024-10-07 17:40:32', 'ROTINA', '2024-10-22 21:14:31.563390000', 'usuário');
INSERT INTO contemplations (id, contemplation_date, contemplated_by, confirmed, id_appointment, id_available_medical_slot, canceled, observation, creation_date, creation_user, update_date, update_user) VALUES(10, '2024-10-07 20:39:51.027000000', 1, 1, 16, 7, 0, NULL, '2024-10-07 17:40:32', 'ROTINA', NULL, NULL);
INSERT INTO contemplations (id, contemplation_date, contemplated_by, confirmed, id_appointment, id_available_medical_slot, canceled, observation, creation_date, creation_user, update_date, update_user) VALUES(11, '2024-10-07 20:39:51.027000000', 2, 1, 31, 7, 0, 'Confirmado por: usuário em 22/10/2024 21:10:33', '2024-10-07 17:40:32', 'ROTINA', '2024-10-22 21:10:33.032679000', 'usuário');
INSERT INTO contemplations (id, contemplation_date, contemplated_by, confirmed, id_appointment, id_available_medical_slot, canceled, observation, creation_date, creation_user, update_date, update_user) VALUES(12, '2024-10-07 20:39:51.027000000', 3, 1, 32, 7, 0, NULL, '2024-10-07 17:40:32', 'ROTINA', NULL, NULL);
INSERT INTO contemplations (id, contemplation_date, contemplated_by, confirmed, id_appointment, id_available_medical_slot, canceled, observation, creation_date, creation_user, update_date, update_user) VALUES(13, '2024-10-07 20:39:51.027000000', 3, 1, 33, 7, 0, NULL, '2024-10-07 17:40:32', 'ROTINA', NULL, NULL);
INSERT INTO contemplations (id, contemplation_date, contemplated_by, confirmed, id_appointment, id_available_medical_slot, canceled, observation, creation_date, creation_user, update_date, update_user) VALUES(14, '2024-10-07 20:39:51.027000000', 2, 1, 34, 7, 0, NULL, '2024-10-07 17:40:32', 'ROTINA', NULL, NULL);
INSERT INTO contemplations (id, contemplation_date, contemplated_by, confirmed, id_appointment, id_available_medical_slot, canceled, observation, creation_date, creation_user, update_date, update_user) VALUES(15, '2024-10-07 20:39:51.027000000', 1, 0, 35, 7, 0, NULL, '2024-10-07 17:40:32', 'ROTINA', NULL, NULL);
INSERT INTO contemplations (id, contemplation_date, contemplated_by, confirmed, id_appointment, id_available_medical_slot, canceled, observation, creation_date, creation_user, update_date, update_user) VALUES(16, '2024-10-07 20:39:51.027000000', 1, 1, 36, 7, 0, NULL, '2024-10-07 17:40:32', 'ROTINA', NULL, NULL);
INSERT INTO contemplations (id, contemplation_date, contemplated_by, confirmed, id_appointment, id_available_medical_slot, canceled, observation, creation_date, creation_user, update_date, update_user) VALUES(17, '2024-10-07 20:39:51.027000000', 2, 1, 7, 8, 0, NULL, '2024-10-07 17:40:32', 'ROTINA', NULL, NULL);
INSERT INTO contemplations (id, contemplation_date, contemplated_by, confirmed, id_appointment, id_available_medical_slot, canceled, observation, creation_date, creation_user, update_date, update_user) VALUES(18, '2024-10-07 20:39:51.027000000', 3, 1, 8, 8, 0, NULL, '2024-10-07 17:40:32', 'ROTINA', NULL, NULL);
INSERT INTO contemplations (id, contemplation_date, contemplated_by, confirmed, id_appointment, id_available_medical_slot, canceled, observation, creation_date, creation_user, update_date, update_user) VALUES(19, '2024-10-07 20:39:51.027000000', 1, 1, 9, 8, 1, 'Cancelado por: usuário -- Motivo: Não compareceu', '2024-10-07 17:40:32', 'ROTINA', '2024-10-22 20:55:55.035770000', 'usuário');
INSERT INTO contemplations (id, contemplation_date, contemplated_by, confirmed, id_appointment, id_available_medical_slot, canceled, observation, creation_date, creation_user, update_date, update_user) VALUES(20, '2024-10-07 20:39:51.027000000', 3, 1, 10, 8, 0, NULL, '2024-10-07 17:40:32', 'ROTINA', NULL, NULL);
INSERT INTO contemplations (id, contemplation_date, contemplated_by, confirmed, id_appointment, id_available_medical_slot, canceled, observation, creation_date, creation_user, update_date, update_user) VALUES(21, '2024-10-07 20:39:51.027000000', 2, 1, 11, 8, 0, NULL, '2024-10-07 17:40:32', 'ROTINA', NULL, NULL);
INSERT INTO contemplations (id, contemplation_date, contemplated_by, confirmed, id_appointment, id_available_medical_slot, canceled, observation, creation_date, creation_user, update_date, update_user) VALUES(22, '2024-10-07 20:39:51.027000000', 1, 1, 12, 8, 0, NULL, '2024-10-07 17:40:32', 'ROTINA', NULL, NULL);
INSERT INTO contemplations (id, contemplation_date, contemplated_by, confirmed, id_appointment, id_available_medical_slot, canceled, observation, creation_date, creation_user, update_date, update_user) VALUES(23, '2024-10-07 20:39:51.027000000', 2, 0, 17, 9, 0, NULL, '2024-10-07 17:40:32', 'ROTINA', NULL, NULL);
INSERT INTO contemplations (id, contemplation_date, contemplated_by, confirmed, id_appointment, id_available_medical_slot, canceled, observation, creation_date, creation_user, update_date, update_user) VALUES(24, '2024-10-07 20:39:51.027000000', 2, 1, 18, 9, 0, NULL, '2024-10-07 17:40:32', 'ROTINA', NULL, NULL);
INSERT INTO contemplations (id, contemplation_date, contemplated_by, confirmed, id_appointment, id_available_medical_slot, canceled, observation, creation_date, creation_user, update_date, update_user) VALUES(25, '2024-10-07 20:39:51.027000000', 3, 1, 19, 9, 0, NULL, '2024-10-07 17:40:32', 'ROTINA', NULL, NULL);
INSERT INTO contemplations (id, contemplation_date, contemplated_by, confirmed, id_appointment, id_available_medical_slot, canceled, observation, creation_date, creation_user, update_date, update_user) VALUES(26, '2024-10-07 20:39:51.027000000', 3, 0, 20, 9, 0, NULL, '2024-10-07 17:40:32', 'ROTINA', NULL, NULL);
INSERT INTO contemplations (id, contemplation_date, contemplated_by, confirmed, id_appointment, id_available_medical_slot, canceled, observation, creation_date, creation_user, update_date, update_user) VALUES(27, '2024-10-07 20:39:51.027000000', 3, 1, 21, 9, 0, NULL, '2024-10-07 17:40:32', 'ROTINA', NULL, NULL);
INSERT INTO contemplations (id, contemplation_date, contemplated_by, confirmed, id_appointment, id_available_medical_slot, canceled, observation, creation_date, creation_user, update_date, update_user) VALUES(28, '2024-10-07 20:39:51.027000000', 2, 1, 25, 10, 0, NULL, '2024-10-07 17:40:32', 'ROTINA', NULL, NULL);
INSERT INTO contemplations (id, contemplation_date, contemplated_by, confirmed, id_appointment, id_available_medical_slot, canceled, observation, creation_date, creation_user, update_date, update_user) VALUES(29, '2024-10-07 20:39:51.027000000', 2, 0, 26, 10, 0, NULL, '2024-10-07 17:40:32', 'ROTINA', NULL, NULL);
INSERT INTO contemplations (id, contemplation_date, contemplated_by, confirmed, id_appointment, id_available_medical_slot, canceled, observation, creation_date, creation_user, update_date, update_user) VALUES(30, '2024-10-07 20:39:51.027000000', 1, 1, 27, 10, 0, NULL, '2024-10-07 17:40:32', 'ROTINA', NULL, NULL);
INSERT INTO contemplations (id, contemplation_date, contemplated_by, confirmed, id_appointment, id_available_medical_slot, canceled, observation, creation_date, creation_user, update_date, update_user) VALUES(31, '2024-10-07 20:39:51.027000000', 1, 1, 28, 10, 0, NULL, '2024-10-07 17:40:32', 'ROTINA', NULL, NULL);
INSERT INTO contemplations (id, contemplation_date, contemplated_by, confirmed, id_appointment, id_available_medical_slot, canceled, observation, creation_date, creation_user, update_date, update_user) VALUES(32, '2024-10-07 20:39:51.027000000', 1, 0, 29, 10, 0, NULL, '2024-10-07 17:40:32', 'ROTINA', NULL, NULL);

INSERT INTO medical_slots (id, reference_month, total_slots, current_slots, id_medical_procedure, id_basic_health_unit, creation_user, creation_date, update_user, update_date) VALUES(7, '2024-10-08', 13, 13, 19, 1, 'secretaria de saúde', '2024-09-23 17:57:19.576271000', NULL, NULL);
INSERT INTO medical_slots (id, reference_month, total_slots, current_slots, id_medical_procedure, id_basic_health_unit, creation_user, creation_date, update_user, update_date) VALUES(8, '2024-10-08', 5, 5, 9, 1, 'secretaria de saúde', '2024-09-23 17:57:19.576271000', NULL, NULL);
INSERT INTO medical_slots (id, reference_month, total_slots, current_slots, id_medical_procedure, id_basic_health_unit, creation_user, creation_date, update_user, update_date) VALUES(9, '2024-10-08', 5, 5, 10, 1, 'secretaria de saúde', '2024-09-23 17:57:19.576271000', NULL, NULL);
INSERT INTO medical_slots (id, reference_month, total_slots, current_slots, id_medical_procedure, id_basic_health_unit, creation_user, creation_date, update_user, update_date) VALUES(10, '2024-10-08', 5, 5, 11, 1, 'secretaria de saúde', '2024-09-06 16:51:00', NULL, NULL);
INSERT INTO medical_slots (id, reference_month, total_slots, current_slots, id_medical_procedure, id_basic_health_unit, creation_user, creation_date, update_user, update_date) VALUES(11, '2024-10-08', 5, 5, 1, 1, 'secretaria de saúde', '2024-09-06 16:51:00', NULL, NULL);
INSERT INTO medical_slots (id, reference_month, total_slots, current_slots, id_medical_procedure, id_basic_health_unit, creation_user, creation_date, update_user, update_date) VALUES(12, '2024-10-08', 4, 4, 2, 1, 'secretaria de saúde', '2024-09-06 16:51:00', NULL, NULL);
INSERT INTO medical_slots (id, reference_month, total_slots, current_slots, id_medical_procedure, id_basic_health_unit, creation_user, creation_date, update_user, update_date) VALUES(13, '2024-10-08', 7, 7, 3, 1, 'secretaria de saúde', '2024-09-06 16:51:00', NULL, NULL);
INSERT INTO medical_slots (id, reference_month, total_slots, current_slots, id_medical_procedure, id_basic_health_unit, creation_user, creation_date, update_user, update_date) VALUES(14, '2024-10-08', 7, 7, 4, 1, 'secretaria de saúde', '2024-09-06 16:51:00', NULL, NULL);
INSERT INTO medical_slots (id, reference_month, total_slots, current_slots, id_medical_procedure, id_basic_health_unit, creation_user, creation_date, update_user, update_date) VALUES(15, '2024-10-08', 5, 5, 5, 1, 'secretaria de saúde', '2024-09-06 16:51:00', NULL, NULL);
INSERT INTO medical_slots (id, reference_month, total_slots, current_slots, id_medical_procedure, id_basic_health_unit, creation_user, creation_date, update_user, update_date) VALUES(16, '2024-10-08', 5, 5, 6, 1, 'secretaria de saúde', '2024-08-06 16:51:00', NULL, NULL);
INSERT INTO medical_slots (id, reference_month, total_slots, current_slots, id_medical_procedure, id_basic_health_unit, creation_user, creation_date, update_user, update_date) VALUES(17, '2024-10-08', 6, 6, 7, 1, 'secretaria de saúde', '2024-08-06 16:51:00', NULL, NULL);
INSERT INTO medical_slots (id, reference_month, total_slots, current_slots, id_medical_procedure, id_basic_health_unit, creation_user, creation_date, update_user, update_date) VALUES(18, '2024-10-08', 3, 3, 8, 1, 'secretaria de saúde', '2024-08-06 16:51:00', NULL, NULL);
INSERT INTO medical_slots (id, reference_month, total_slots, current_slots, id_medical_procedure, id_basic_health_unit, creation_user, creation_date, update_user, update_date) VALUES(19, '2024-10-08', 3, 3, 12, 1, 'secretaria de saúde', '2024-08-06 16:51:00', NULL, NULL);
INSERT INTO medical_slots (id, reference_month, total_slots, current_slots, id_medical_procedure, id_basic_health_unit, creation_user, creation_date, update_user, update_date) VALUES(20, '2024-10-08', 10, 10, 13, 1, 'secretaria de saúde', '2024-08-06 16:51:00', NULL, NULL);
INSERT INTO medical_slots (id, reference_month, total_slots, current_slots, id_medical_procedure, id_basic_health_unit, creation_user, creation_date, update_user, update_date) VALUES(21, '2024-10-08', 10, 10, 14, 1, 'secretaria de saúde', '2024-08-06 16:51:00', NULL, NULL);
INSERT INTO medical_slots (id, reference_month, total_slots, current_slots, id_medical_procedure, id_basic_health_unit, creation_user, creation_date, update_user, update_date) VALUES(22, '2024-10-08', 10, 10, 15, 1, 'secretaria de saúde', '2024-08-06 16:51:00', NULL, NULL);
INSERT INTO medical_slots (id, reference_month, total_slots, current_slots, id_medical_procedure, id_basic_health_unit, creation_user, creation_date, update_user, update_date) VALUES(23, '2024-10-08', 10, 10, 16, 1, 'secretaria de saúde', '2024-08-06 16:51:00', NULL, NULL);
INSERT INTO medical_slots (id, reference_month, total_slots, current_slots, id_medical_procedure, id_basic_health_unit, creation_user, creation_date, update_user, update_date) VALUES(24, '2024-10-08', 12, 12, 17, 1, 'secretaria de saúde', '2024-10-06 16:51:00', NULL, NULL);
INSERT INTO medical_slots (id, reference_month, total_slots, current_slots, id_medical_procedure, id_basic_health_unit, creation_user, creation_date, update_user, update_date) VALUES(25, '2024-10-08', 12, 12, 18, 1, 'secretaria de saúde', '2024-10-06 16:51:00', NULL, NULL);
INSERT INTO medical_slots (id, reference_month, total_slots, current_slots, id_medical_procedure, id_basic_health_unit, creation_user, creation_date, update_user, update_date) VALUES(27, '2024-10-08', 12, 12, 19, 1, 'secretaria de saúde', '2024-10-06 16:51:00', NULL, NULL);
INSERT INTO medical_slots (id, reference_month, total_slots, current_slots, id_medical_procedure, id_basic_health_unit, creation_user, creation_date, update_user, update_date) VALUES(28, '2024-10-08', 15, 15, 20, 1, 'secretaria de saúde', '2024-10-06 16:51:00', NULL, NULL);
INSERT INTO medical_slots (id, reference_month, total_slots, current_slots, id_medical_procedure, id_basic_health_unit, creation_user, creation_date, update_user, update_date) VALUES(29, '2024-10-08', 15, 15, 21, 1, 'secretaria de saúde', '2024-10-06 16:51:00', NULL, NULL);
INSERT INTO medical_slots (id, reference_month, total_slots, current_slots, id_medical_procedure, id_basic_health_unit, creation_user, creation_date, update_user, update_date) VALUES(30, '2024-10-08', 15, 15, 22, 1, 'secretaria de saúde', '2024-10-06 16:51:00', NULL, NULL);
INSERT INTO medical_slots (id, reference_month, total_slots, current_slots, id_medical_procedure, id_basic_health_unit, creation_user, creation_date, update_user, update_date) VALUES(31, '2024-10-08', 4, 4, 23, 1, 'secretaria de saúde', '2024-10-06 18:48:53.330730000', NULL, NULL);
INSERT INTO medical_slots (id, reference_month, total_slots, current_slots, id_medical_procedure, id_basic_health_unit, creation_user, creation_date, update_user, update_date) VALUES(32, '2024-10-08', 5, 5, 24, 2, 'secretaria de saúde', '2024-10-07 13:21:25.947248000', NULL, NULL);
INSERT INTO medical_slots (id, reference_month, total_slots, current_slots, id_medical_procedure, id_basic_health_unit, creation_user, creation_date, update_user, update_date) VALUES(33, '2024-10-08', 5, 5, 25, 1, 'secretaria de saúde', '2024-10-07 17:33:27.765584000', NULL, NULL);
INSERT INTO medical_slots (id, reference_month, total_slots, current_slots, id_medical_procedure, id_basic_health_unit, creation_user, creation_date, update_user, update_date) VALUES(34, '2024-10-08', 3, 3, 27, 1, 'secretaria de saúde', '2024-10-07 17:33:27.765584000', NULL, NULL);
INSERT INTO medical_slots (id, reference_month, total_slots, current_slots, id_medical_procedure, id_basic_health_unit, creation_user, creation_date, update_user, update_date) VALUES(35, '2024-10-08', 5, 5, 28, 1, 'secretaria de saúde', '2024-10-08 16:47:30.614210000', NULL, NULL);
INSERT INTO medical_slots (id, reference_month, total_slots, current_slots, id_medical_procedure, id_basic_health_unit, creation_user, creation_date, update_user, update_date) VALUES(36, '2024-10-01', 10, 10, 30, 1, 'secretaria de saúde', '2024-10-18 19:01:20.309839000', NULL, NULL);
INSERT INTO medical_slots (id, reference_month, total_slots, current_slots, id_medical_procedure, id_basic_health_unit, creation_user, creation_date, update_user, update_date) VALUES(37, '2024-10-01', 5, 5, 30, 1, 'usuário', '2024-10-23 14:28:02.916232000', NULL, NULL);
INSERT INTO medical_slots (id, reference_month, total_slots, current_slots, id_medical_procedure, id_basic_health_unit, creation_user, creation_date, update_user, update_date) VALUES(38, '2024-10-01', 20, 20, 20, 1, 'usuário', '2024-10-23 17:09:05.878583000', NULL, NULL);
